{
	"partitions" : [
		{
			"name" : "Top",
			"pins" : [
				{
					"name" : "VGA_HS",
					"strict" : false
				},
				{
					"name" : "VGA_VS",
					"strict" : false
				},
				{
					"name" : "VGA_HS_1",
					"strict" : false
				},
				{
					"name" : "VGA_VS_1",
					"strict" : false
				},
				{
					"name" : "VGA_Data",
					"strict" : false
				},
				{
					"name" : "Red[0]",
					"strict" : false
				},
				{
					"name" : "Red[1]",
					"strict" : false
				},
				{
					"name" : "Red[2]",
					"strict" : false
				},
				{
					"name" : "Red[3]",
					"strict" : false
				},
				{
					"name" : "Blue[0]",
					"strict" : false
				},
				{
					"name" : "Blue[1]",
					"strict" : false
				},
				{
					"name" : "Blue[2]",
					"strict" : false
				},
				{
					"name" : "Blue[3]",
					"strict" : false
				},
				{
					"name" : "Green[0]",
					"strict" : false
				},
				{
					"name" : "Green[1]",
					"strict" : false
				},
				{
					"name" : "Green[2]",
					"strict" : false
				},
				{
					"name" : "Green[3]",
					"strict" : false
				},
				{
					"name" : "sclk",
					"strict" : false
				},
				{
					"name" : "ss_n[0]",
					"strict" : false
				},
				{
					"name" : "mosi",
					"strict" : false
				},
				{
					"name" : "rst",
					"strict" : false
				},
				{
					"name" : "reset",
					"strict" : false
				},
				{
					"name" : "miso",
					"strict" : false
				}
			]
		}
	]
}